<?xml version="1.0" encoding="UTF-8"?>
<?xml-stylesheet type="text/css" href="css/style.css"?>  
<?xml-stylesheet type="text/xsl" href="ejercicio1.xsl"?> 

<pedidos_principal>
  <anios>
    <anio2021>
      <trimestres>
      <trimestre trimestre="1">
        <pedido num="1">
          <info_clientes>
            <nombre>Nerea</nombre>
            <apellidos>Ruiz Padilla</apellidos>
            <telefono>697301700</telefono>
            <direccion>
              <calle>Fuentes</calle>
              <ciudad>Cubas de la Sagra</ciudad>
              <codigo_postal>28978</codigo_postal>
              <provincia>Madrid</provincia>
            </direccion>
            <correo_electronico>nerea@gmail.com</correo_electronico>
            <fecha_inclusion>01/01/2021</fecha_inclusion>
          </info_clientes>
          <info_pedidos>
            <numero_pedido>1</numero_pedido>
            <fecha_compra>01/01/2021</fecha_compra>
            <fecha_entrega>05/01/2021</fecha_entrega>
            <total_factura>65€</total_factura>
            <producto>
              <nombre>Sudadera</nombre>
              <referencia>UM98</referencia>
              <precio>35.00</precio>
              <unidades>1</unidades>
            </producto>
            <producto>
              <nombre>Pantalón de chandal</nombre>
              <referencia>PC66</referencia>
              <precio>30.00</precio>
              <unidades>1</unidades>
            </producto>
          </info_pedidos>
        </pedido>
        
        <pedido num="2">
          <info_clientes>
            <nombre>Ariadna</nombre>
            <apellidos>Martinez Alvarez</apellidos>
            <telefono>695261752</telefono>
            <direccion>
              <calle>Sagrado Corazon</calle>
              <ciudad>Humanes de Madrid</ciudad>
              <codigo_postal>28970</codigo_postal>
              <provincia>Madrid</provincia>
            </direccion>
            <correo_electronico>ari@gmail.com</correo_electronico>
            <fecha_inclusion>12/01/2021</fecha_inclusion>
          </info_clientes>
          <info_pedidos>
            <numero_pedido>2</numero_pedido>
            <fecha_compra>12/01/2021</fecha_compra>
            <fecha_entrega>16/01/2021</fecha_entrega>
            <total_factura>30€</total_factura>
            <producto>
              <nombre>Camiseta manga corta</nombre>
              <referencia>CMC28</referencia>
              <precio>15€</precio>
              <unidades>2</unidades>
            </producto>
          </info_pedidos>
        </pedido>

        <pedido num="3">
          <info_clientes>
            <nombre>Raul</nombre>
            <apellidos>Gomez Blanco</apellidos>
            <telefono>653452435</telefono>
            <direccion>
              <calle>Girasol</calle>
              <ciudad>Fuenlabrada</ciudad>
              <codigo_postal>28940</codigo_postal>
              <provincia>Madrid</provincia>
            </direccion>
            <correo_electronico>Raul@gmail.com</correo_electronico>
            <fecha_inclusion>21/01/2021</fecha_inclusion>
          </info_clientes>
          <info_pedidos>
            <numero_pedido>3</numero_pedido>
            <fecha_compra>21/01/2021</fecha_compra>
            <fecha_entrega>25/01/2021</fecha_entrega>
            <total_factura>85€</total_factura>
            <producto>
              <nombre>Chaqueta de cuero</nombre>
              <referencia>CHC88</referencia>
              <precio>55.00</precio>
              <unidades>1</unidades>
            </producto>
            <producto>
              <nombre>Vaquero</nombre>
              <referencia>VN66</referencia>
              <precio>30.00</precio>
              <unidades>1</unidades>
            </producto>
          </info_pedidos>
        </pedido>

        <pedido num="4">
          <info_clientes>
            <nombre>Marta</nombre>
            <apellidos>Martinez Teixeira</apellidos>
            <telefono>786435243</telefono>
            <direccion>
              <calle>Quevedo</calle>
              <ciudad>Alcorcón</ciudad>
              <codigo_postal>28918</codigo_postal>
              <provincia>Madrid</provincia>
            </direccion>
            <correo_electronico>marta@gmail.com</correo_electronico>
            <fecha_inclusion>03/04/2021</fecha_inclusion>
          </info_clientes>
          <info_pedidos>
            <numero_pedido>4</numero_pedido>
            <fecha_compra>03/02/2021</fecha_compra>
            <fecha_entrega>07/02/2021</fecha_entrega>
            <total_factura>70€</total_factura>
            <producto>
              <nombre>Sudadera</nombre>
              <referencia>UM498</referencia>
              <precio>40.00</precio>
              <unidades>1</unidades>
            </producto>
            <producto>
              <nombre>Camiseta manga corta</nombre>
              <referencia>CMCB098</referencia>
              <precio>10.00</precio>
              <unidades>3</unidades>
            </producto>
          </info_pedidos>
        </pedido>

        <pedido num="5">
          <info_clientes>
            <nombre>Daniel</nombre>
            <apellidos>Tovar Barroso</apellidos>
            <telefono>698635342</telefono>
            <direccion>
              <calle>San valeano</calle>
              <ciudad>Leganes</ciudad>
              <codigo_postal>28912</codigo_postal>
              <provincia>Madrid</provincia>
            </direccion>
            <correo_electronico>daniel@gmail.com</correo_electronico>
            <fecha_inclusion>16/02/2021</fecha_inclusion>
          </info_clientes>
          <info_pedidos>
            <numero_pedido>5</numero_pedido>
            <fecha_compra>16/02/2021</fecha_compra>
            <fecha_entrega>20/02/2021</fecha_entrega>
            <total_factura>60€</total_factura>
            <producto>
              <nombre>Abrigo</nombre>
              <referencia>ABP44</referencia>
              <precio>60.00</precio>
              <unidades>1</unidades>
            </producto>
          </info_pedidos>
        </pedido>

        <pedido num="6">
          <info_clientes>
            <nombre>Rodrigo</nombre>
            <apellidos>Pozo</apellidos>
            <telefono>673539287</telefono>
            <direccion>
              <calle>San cristo</calle>
              <ciudad>Arroyomolinos</ciudad>
              <codigo_postal>28954</codigo_postal>
              <provincia>Madrid</provincia>
            </direccion>
            <correo_electronico>Rodrigo@gmail.com</correo_electronico>
            <fecha_inclusion>18/02/2021</fecha_inclusion>
          </info_clientes>
          <info_pedidos>
            <numero_pedido>6</numero_pedido>
            <fecha_compra>18/02/2021</fecha_compra>
            <fecha_entrega>22/02/2021</fecha_entrega>
            <total_factura>55€</total_factura>
            <producto>
              <nombre>Chandal completo</nombre>
              <referencia>CHR34</referencia>
              <precio>45.00</precio>
              <unidades>1</unidades>
            </producto>
            <producto>
              <nombre>Camiseta manga corta</nombre>
              <referencia>CMCR7</referencia>
              <precio>10.00</precio>
              <unidades>1</unidades>
            </producto>
          </info_pedidos>
        </pedido>

        <pedido num="7">
          <info_clientes>
            <nombre>Isabel</nombre>
            <apellidos>Padilla Perello</apellidos>
            <telefono>645855556</telefono>
            <direccion>
              <calle>Portugal</calle>
              <ciudad>Fuenlabrada</ciudad>
              <codigo_postal>28940</codigo_postal>
              <provincia>Madrid</provincia>
            </direccion>
            <correo_electronico>isa@gmail.com</correo_electronico>
            <fecha_inclusion>01/03/2021</fecha_inclusion>
          </info_clientes>
          <info_pedidos>
            <numero_pedido>7</numero_pedido>
            <fecha_compra>01/03/2021</fecha_compra>
            <fecha_entrega>05/03/2021</fecha_entrega>
            <total_factura>90€</total_factura>
            <producto>
              <nombre>Sudadera</nombre>
              <referencia>SCC44</referencia>
              <precio>35.00</precio>
              <unidades>1</unidades>
            </producto>
            <producto>
              <nombre>Polo</nombre>
              <referencia>PLO2</referencia>
              <precio>25.00</precio>
              <unidades>1</unidades>
            </producto>
            <producto>
              <nombre>Vaquero</nombre>
              <referencia>VQ333</referencia>
              <precio>30.00</precio>
              <unidades>1</unidades>
            </producto>
          </info_pedidos>
        </pedido>

        <pedido num="8">
          <info_clientes>
            <nombre>David</nombre>
            <apellidos>Ruiz</apellidos>
            <telefono>670263546</telefono>
            <direccion>
              <calle>Los Brezos</calle>
              <ciudad>Griñon</ciudad>
              <codigo_postal>28971</codigo_postal>
              <provincia>Madrid</provincia>
            </direccion>
            <correo_electronico>david@gmail.com</correo_electronico>
            <fecha_inclusion>25/03/2021</fecha_inclusion>
          </info_clientes>
          <info_pedidos>
            <numero_pedido>8</numero_pedido>
            <fecha_compra>25/03/2021</fecha_compra>
            <fecha_entrega>27/03/2021</fecha_entrega>
            <total_factura>65€</total_factura>
            <producto>
              <nombre>Polo</nombre>
              <referencia>PLM009</referencia>
              <precio>35.00</precio>
              <unidades>1</unidades>
            </producto>
          </info_pedidos>
        </pedido>

        <pedido num="9">
          <info_clientes>
            <nombre>Nerea</nombre>
            <apellidos>Ruiz</apellidos>
            <telefono>697301700</telefono>
            <direccion>
              <calle>Fuentes</calle>
              <ciudad>Cubas de la Sagra</ciudad>
              <codigo_postal>28978</codigo_postal>
              <provincia>Madrid</provincia>
            </direccion>
            <correo_electronico>nerea@gmail.com</correo_electronico>
            <fecha_inclusion>29/03/2021</fecha_inclusion>
          </info_clientes>
          <info_pedidos>
            <numero_pedido>9</numero_pedido>
            <fecha_compra>29/03/2021</fecha_compra>
            <fecha_entrega>31/03/2021</fecha_entrega>
            <total_factura>65€</total_factura>
            <producto>
              <nombre>Sudadera</nombre>
              <referencia>UM999</referencia>
              <precio>35.00</precio>
              <unidades>1</unidades>
            </producto>
          </info_pedidos>
        </pedido>

        <pedido num="10">
          <info_clientes>
            <nombre>Alejandro</nombre>
            <apellidos>Godoy</apellidos>
            <telefono>688635243</telefono>
            <direccion>
              <calle>Santillana</calle>
              <ciudad>Villaverde</ciudad>
              <codigo_postal>28974</codigo_postal>
              <provincia>Madrid</provincia>
            </direccion>
            <correo_electronico>Alejandro@gmail.com</correo_electronico>
            <fecha_inclusion>01/01/2021</fecha_inclusion>
          </info_clientes>
          <info_pedidos>
            <numero_pedido>10</numero_pedido>
            <fecha_compra>29/03/2021</fecha_compra>
            <fecha_entrega>31/03/2021</fecha_entrega>
            <total_factura>65€</total_factura>
            <producto>
              <nombre>Camisa</nombre>
              <referencia>C674</referencia>
              <precio>35.00</precio>
              <unidades>1</unidades>
            </producto>
          </info_pedidos>
        </pedido>
      </trimestre>
  <!--.....................................TRIMESTRE 2.........................................-->
      <trimestre trimestre="2">
        <pedido num="11">
          <info_clientes>
            <nombre>Carla</nombre>
            <apellidos>Rodriguez Pérez</apellidos>
            <telefono>622541789</telefono>
            <direccion>
              <calle>Calle Mayor</calle>
              <ciudad>Barcelona</ciudad>
              <codigo_postal>08001</codigo_postal>
              <provincia>Barcelona</provincia>
            </direccion>
            <correo_electronico>carla@gmail.com</correo_electronico>
            <fecha_inclusion>05/04/2021</fecha_inclusion>
          </info_clientes>
          <info_pedidos>
            <numero_pedido>11</numero_pedido>
            <fecha_compra>10/04/2021</fecha_compra>
            <fecha_entrega>15/04/2021</fecha_entrega>
            <total_factura>85€</total_factura>
            <producto>
              <nombre>Pantalón vaquero</nombre>
              <referencia>PVJ93</referencia>
              <precio>50€</precio>
              <unidades>1</unidades>
            </producto>
            <producto>
              <nombre>Camiseta blanca</nombre>
              <referencia>CBF01</referencia>
              <precio>20€</precio>
              <unidades>2</unidades>
            </producto>
            <producto>
              <nombre>Calcetines deportivos</nombre>
              <referencia>CDS22</referencia>
              <precio>5€</precio>
              <unidades>3</unidades>
            </producto>
          </info_pedidos>
        </pedido>

        <pedido num="12">
          <info_clientes>
            <nombre>Carla</nombre>
            <apellidos>Rodriguez Pérez</apellidos>
            <telefono>622541789</telefono>
            <direccion>
              <calle>Calle Mayor</calle>
              <ciudad>Barcelona</ciudad>
              <codigo_postal>08001</codigo_postal>
              <provincia>Barcelona</provincia>
            </direccion>
            <correo_electronico>carla@gmail.com</correo_electronico>
            <fecha_inclusion>05/04/2021</fecha_inclusion>
          </info_clientes>
          <info_pedidos>
            <numero_pedido>12</numero_pedido>
            <fecha_compra>10/04/2021</fecha_compra>
            <fecha_entrega>15/04/2021</fecha_entrega>
            <total_factura>85€</total_factura>
            <producto>
              <nombre>Pantalón vaquero</nombre>
              <referencia>PVJ93</referencia>
              <precio>50€</precio>
              <unidades>1</unidades>
            </producto>
            <producto>
              <nombre>Camiseta blanca</nombre>
              <referencia>CBF01</referencia>
              <precio>20€</precio>
              <unidades>2</unidades>
            </producto>
            <producto>
              <nombre>Calcetines deportivos</nombre>
              <referencia>CDS22</referencia>
              <precio>5€</precio>
              <unidades>3</unidades>
            </producto>
          </info_pedidos>
        </pedido>

        <pedido num="13">
          <info_clientes>
            <nombre>Hector</nombre>
            <apellidos>sanchez</apellidos>
            <telefono>674635243</telefono>
            <direccion>
              <calle>Soto</calle>
              <ciudad>Moraleja de enmedio</ciudad>
              <codigo_postal>28972</codigo_postal>
              <provincia>Madrid</provincia>
            </direccion>
            <correo_electronico>hector@gmail.com</correo_electronico>
            <fecha_inclusion>15/04/2021</fecha_inclusion>
          </info_clientes>
          <info_pedidos>
            <numero_pedido>13</numero_pedido>
            <fecha_compra>15/04/2021</fecha_compra>
            <fecha_entrega>25/01/2021</fecha_entrega>
            <total_factura>555€</total_factura>
            <producto>
              <nombre>Sudadera sin capucha</nombre>
              <referencia>SSC78</referencia>
              <precio>25€</precio>
              <unidades>1</unidades>
            </producto>
            <producto>
              <nombre>Vaquero</nombre>
              <referencia>VN86</referencia>
              <precio>30€</precio>
              <unidades>1</unidades>
            </producto>
          </info_pedidos>
        </pedido>

        <pedido num="14">
          <info_clientes>
            <nombre>Marta</nombre>
            <apellidos>Martinez Teixeira</apellidos>
            <telefono>786435243</telefono>
            <direccion>
              <calle>Quevedo</calle>
              <ciudad>Alcorcón</ciudad>
              <codigo_postal>28918</codigo_postal>
              <provincia>Madrid</provincia>
            </direccion>
            <correo_electronico>marta@gmail.com</correo_electronico>
            <fecha_inclusion>03/04/2021</fecha_inclusion>
          </info_clientes>
          <info_pedidos>
            <numero_pedido>14</numero_pedido>
            <fecha_compra>23/04/2021</fecha_compra>
            <fecha_entrega>25/04/2021</fecha_entrega>
            <total_factura>70€</total_factura>
            <producto>
              <nombre>Sudadera</nombre>
              <referencia>UM498</referencia>
              <precio>40€</precio>
              <unidades>1</unidades>
            </producto>
            <producto>
              <nombre>Camiseta manga corta</nombre>
              <referencia>CMCB098</referencia>
              <precio>10€</precio>
              <unidades>3</unidades>
            </producto>
          </info_pedidos>
        </pedido>

        <pedido num="15">
          <info_clientes>
            <nombre>Miguel</nombre>
            <apellidos>Velazquez</apellidos>
            <telefono>678363537</telefono>
            <direccion>
              <calle>Los rosales</calle>
              <ciudad>Cubas de la Sagra</ciudad>
              <codigo_postal>28978</codigo_postal>
              <provincia>Madrid</provincia>
            </direccion>
            <correo_electronico>miguel@gmail.com</correo_electronico>
            <fecha_inclusion>01/05/2021</fecha_inclusion>
          </info_clientes>
          <info_pedidos>
            <numero_pedido>15</numero_pedido>
            <fecha_compra>01/05/2021</fecha_compra>
            <fecha_entrega>07/05/2021</fecha_entrega>
            <total_factura>35€</total_factura>
            <producto>
              <nombre>Vaquero corto</nombre>
              <referencia>VC67</referencia>
              <precio>25€</precio>
              <unidades>1</unidades>
            </producto>
            <producto>
              <nombre>Camiseta manga corta</nombre>
              <referencia>CMCB098</referencia>
              <precio>10€</precio>
              <unidades>1</unidades>
            </producto>
          </info_pedidos>
        </pedido>

        <pedido num="16">
          <info_clientes>
            <nombre>Saray</nombre>
            <apellidos>Montoya</apellidos>
            <telefono>676453535</telefono>
            <direccion>
              <calle>Pez</calle>
              <ciudad>Alcorcon</ciudad>
              <codigo_postal>28922</codigo_postal>
              <provincia>Madrid</provincia>
            </direccion>
            <correo_electronico>saray@gmail.com</correo_electronico>
            <fecha_inclusion>03/05/2021</fecha_inclusion>
          </info_clientes>
          <info_pedidos>
            <numero_pedido>16</numero_pedido>
            <fecha_compra>03/05/2021</fecha_compra>
            <fecha_entrega>07/05/2021</fecha_entrega>
            <total_factura>20€</total_factura>
            <producto>
              <nombre>Pack Calcetines</nombre>
              <referencia>CL789</referencia>
              <precio>2€</precio>
              <unidades>10</unidades>
            </producto>
          </info_pedidos>
        </pedido>

        <pedido num="17">
          <info_clientes>
            <nombre>Ángel</nombre>
            <apellidos>Urda</apellidos>
            <telefono>678392534</telefono>
            <direccion>
              <calle>Cervantes</calle>
              <ciudad>Griñon</ciudad>
              <codigo_postal>28971</codigo_postal>
              <provincia>Madrid</provincia>
            </direccion>
            <correo_electronico>Angel@gmail.com</correo_electronico>
            <fecha_inclusion>10/05/2021</fecha_inclusion>
          </info_clientes>
          <info_pedidos>
            <numero_pedido>17</numero_pedido>
            <fecha_compra>10/05/2021</fecha_compra>
            <fecha_entrega>15/05/2021</fecha_entrega>
            <total_factura>45€</total_factura>
            <producto>
              <nombre>Zapatillas</nombre>
              <referencia>ZP676</referencia>
              <precio>45€</precio>
              <unidades>1</unidades>
            </producto>
          </info_pedidos>
        </pedido>

        <pedido num="18">
          <info_clientes>
            <nombre>Jorge</nombre>
            <apellidos>Blazquez</apellidos>
            <telefono>6537488358</telefono>
            <direccion>
              <calle>Morales</calle>
              <ciudad>Fuenlabrada</ciudad>
              <codigo_postal>28946</codigo_postal>
              <provincia>Madrid</provincia>
            </direccion>
            <correo_electronico>jorge@gmail.com</correo_electronico>
            <fecha_inclusion>29/05/2021</fecha_inclusion>
          </info_clientes>
          <info_pedidos>
            <numero_pedido>18</numero_pedido>
            <fecha_compra>29/05/2021</fecha_compra>
            <fecha_entrega>02/06/2021</fecha_entrega>
            <total_factura>25€</total_factura>
            <producto>
              <nombre>Chaleco</nombre>
              <referencia>CH78</referencia>
              <precio>25€</precio>
              <unidades>1</unidades>
            </producto>
          </info_pedidos>
        </pedido>

        <pedido num="19">
          <info_clientes>
            <nombre>Lola</nombre>
            <apellidos>Moreno</apellidos>
            <telefono>678345634</telefono>
            <direccion>
              <calle>Fuentes claras</calle>
              <ciudad>Cubas de la Sagra</ciudad>
              <codigo_postal>28978</codigo_postal>
              <provincia>Madrid</provincia>
            </direccion>
            <correo_electronico>lola@gmail.com</correo_electronico>
            <fecha_inclusion>04/06/2021</fecha_inclusion>
          </info_clientes>
          <info_pedidos>
            <numero_pedido>19</numero_pedido>
            <fecha_compra>04/06/2021</fecha_compra>
            <fecha_entrega>08/06/2021</fecha_entrega>
            <total_factura>45€</total_factura>
            <producto>
              <nombre>Vaquero corto</nombre>
              <referencia>VC67</referencia>
              <precio>25€</precio>
              <unidades>1</unidades>
            </producto>
            <producto>
              <nombre>Camiseta manga corta</nombre>
              <referencia>CMCB098</referencia>
              <precio>10€</precio>
              <unidades>2</unidades>
            </producto>
          </info_pedidos>
        </pedido>

        <pedido num="20">
          <info_clientes>
            <nombre>Isabel</nombre>
            <apellidos>Padilla Perello</apellidos>
            <telefono>645855556</telefono>
            <direccion>
              <calle>Portugal</calle>
              <ciudad>Fuenlabrada</ciudad>
              <codigo_postal>28940</codigo_postal>
              <provincia>Madrid</provincia>
            </direccion>
            <correo_electronico>isa@gmail.com</correo_electronico>
            <fecha_inclusion>01/03/2021</fecha_inclusion>
          </info_clientes>
          <info_pedidos>
            <numero_pedido>20</numero_pedido>
            <fecha_compra>22/06/2021</fecha_compra>
            <fecha_entrega>30/06/2021</fecha_entrega>
            <total_factura>25€</total_factura>
            <producto>
              <nombre>Vaquero corto</nombre>
              <referencia>VC699</referencia>
              <precio>25€</precio>
              <unidades>1</unidades>
            </producto>
          </info_pedidos>
        </pedido>
  </trimestre>
  <!--.....................................TRIMESTRE 3.........................................-->
  <trimestre trimestre="3">
        <pedido num="21">
          <info_clientes>
            <nombre>Carlos</nombre>
            <apellidos>Quintana</apellidos>
            <telefono>678354354</telefono>
            <direccion>
              <calle>Rosales</calle>
              <ciudad>Aranjuez</ciudad>
              <codigo_postal>28910</codigo_postal>
              <provincia>Madrid</provincia>
            </direccion>
            <correo_electronico>corlos@gmail.com</correo_electronico>
            <fecha_inclusion>01/07/2021</fecha_inclusion>
          </info_clientes>
          <info_pedidos>
            <numero_pedido>21</numero_pedido>
            <fecha_compra>01/07/2021</fecha_compra>
            <fecha_entrega>05/07/2021</fecha_entrega>
            <total_factura>15€</total_factura>
            <producto>
              <nombre>Bañador</nombre>
              <referencia>BÑ239</referencia>
              <precio>15€</precio>
              <unidades>1</unidades>
            </producto>
          </info_pedidos>
        </pedido>

        <pedido num="22">
          <info_clientes>
            <nombre>Carlos</nombre>
            <apellidos>Quintana</apellidos>
            <telefono>678354354</telefono>
            <direccion>
              <calle>Rosales</calle>
              <ciudad>Aranjuez</ciudad>
              <codigo_postal>28910</codigo_postal>
              <provincia>Madrid</provincia>
            </direccion>
            <correo_electronico>corlos@gmail.com</correo_electronico>
            <fecha_inclusion>01/07/2021</fecha_inclusion>
          </info_clientes>
          <info_pedidos>
            <numero_pedido>22</numero_pedido>
            <fecha_compra>01/07/2021</fecha_compra>
            <fecha_entrega>05/07/2021</fecha_entrega>
            <total_factura>15€</total_factura>
            <producto>
              <nombre>Bañador</nombre>
              <referencia>BÑ239</referencia>
              <precio>15€</precio>
              <unidades>1</unidades>
            </producto>
          </info_pedidos>
        </pedido>

        <pedido num="23">
          <info_clientes>
            <nombre>Raquel</nombre>
            <apellidos>Quintana</apellidos>
            <telefono>678354354</telefono>
            <direccion>
              <calle>Rosales</calle>
              <ciudad>Aranjuez</ciudad>
              <codigo_postal>28910</codigo_postal>
              <provincia>Madrid</provincia>
            </direccion>
            <correo_electronico>raquel@gmail.com</correo_electronico>
            <fecha_inclusion>01/07/2021</fecha_inclusion>
          </info_clientes>
          <info_pedidos>
            <numero_pedido>23</numero_pedido>
            <fecha_compra>14/07/2021</fecha_compra>
            <fecha_entrega>18/07/2021</fecha_entrega>
            <total_factura>15€</total_factura>
            <producto>
              <nombre>Bikini</nombre>
              <referencia>BK239</referencia>
              <precio>15€</precio>
              <unidades>1</unidades>
            </producto>
          </info_pedidos>
        </pedido>

        <pedido num="24">
          <info_clientes>
            <nombre>Noelia</nombre>
            <apellidos>Dudas</apellidos>
            <telefono>678345263</telefono>
            <direccion>
              <calle>Juanador</calle>
              <ciudad>Villa Verde</ciudad>
              <codigo_postal>28980</codigo_postal>
              <provincia>Madrid</provincia>
            </direccion>
            <correo_electronico>Noe@gmail.com</correo_electronico>
            <fecha_inclusion>20/07/2021</fecha_inclusion>
          </info_clientes>
          <info_pedidos>
            <numero_pedido>24</numero_pedido>
            <fecha_compra>20/07/2021</fecha_compra>
            <fecha_entrega>24/07/2021</fecha_entrega>
            <total_factura>30€</total_factura>
            <producto>
              <nombre>Bikini</nombre>
              <referencia>BK2394</referencia>
              <precio>15€</precio>
              <unidades>2</unidades>
            </producto>
          </info_pedidos>
        </pedido>

        <pedido num="25">
          <info_clientes>
            <nombre>Julian</nombre>
            <apellidos>Quintana</apellidos>
            <telefono>678354354</telefono>
            <direccion>
              <calle>Rosales</calle>
              <ciudad>Aranjuez</ciudad>
              <codigo_postal>28910</codigo_postal>
              <provincia>Madrid</provincia>
            </direccion>
            <correo_electronico>julian@gmail.com</correo_electronico>
            <fecha_inclusion>01/07/2021</fecha_inclusion>
          </info_clientes>
          <info_pedidos>
            <numero_pedido>25</numero_pedido>
            <fecha_compra>14/07/2021</fecha_compra>
            <fecha_entrega>18/07/2021</fecha_entrega>
            <total_factura>30€</total_factura>
            <producto>
              <nombre>Pantalon corto</nombre>
              <referencia>PC29</referencia>
              <precio>30€</precio>
              <unidades>1</unidades>
            </producto>
          </info_pedidos>
        </pedido>

        <pedido num="26">
          <info_clientes>
            <nombre>María</nombre>
            <apellidos>Rodríguez</apellidos>
            <telefono>612348902</telefono>
            <direccion>
              <calle>Gran Vía</calle>
              <ciudad>Madrid</ciudad>
              <codigo_postal>28013</codigo_postal>
              <provincia>Madrid</provincia>
            </direccion>
            <correo_electronico>maria_rodriguez@hotmail.com</correo_electronico>
            <fecha_inclusion>01/08/2021</fecha_inclusion>
          </info_clientes>
          <info_pedidos>
            <numero_pedido>26</numero_pedido>
            <fecha_compra>15/08/2021</fecha_compra>
            <fecha_entrega>20/08/2021</fecha_entrega>
            <total_factura>45€</total_factura>
            <producto>
              <nombre>Zapatos de tacón</nombre>
              <referencia>ZT01</referencia>
              <precio>45€</precio>
              <unidades>1</unidades>
            </producto>
          </info_pedidos>
        </pedido>

        <pedido num="27">
          <info_clientes>
            <nombre>Dario</nombre>
            <apellidos>Rivera</apellidos>
            <telefono>639874563</telefono>
            <direccion>
              <calle>Av. de la Constitución</calle>
              <ciudad>Leganes</ciudad>
              <codigo_postal>41004</codigo_postal>
              <provincia>Madrid</provincia>
            </direccion>
            <correo_electronico>dario@gmail.com</correo_electronico>
            <fecha_inclusion>01/07/2021</fecha_inclusion>
          </info_clientes>
          <info_pedidos>
            <numero_pedido>27</numero_pedido>
            <fecha_compra>01/09/2021</fecha_compra>
            <fecha_entrega>05/09/2021</fecha_entrega>
            <total_factura>60€</total_factura>
            <producto>
              <nombre>Polo de manga corta</nombre>
              <referencia>PC03</referencia>
              <precio>20€</precio>
              <unidades>3</unidades>
            </producto>
          </info_pedidos>
        </pedido>

        <pedido num="28">
          <info_clientes>
            <nombre>Rocio</nombre>
            <apellidos>Rubio</apellidos>
            <telefono>639874563</telefono>
            <direccion>
              <calle>Constitución</calle>
              <ciudad>Fuenlabrada</ciudad>
              <codigo_postal>28940</codigo_postal>
              <provincia>Madrid</provincia>
            </direccion>
            <correo_electronico>rocio@gmail.com</correo_electronico>
            <fecha_inclusion>10/09/2021</fecha_inclusion>
          </info_clientes>
          <info_pedidos>
            <numero_pedido>28</numero_pedido>
            <fecha_compra>10/09/2021</fecha_compra>
            <fecha_entrega>15/09/2021</fecha_entrega>
            <total_factura>60€</total_factura>
            <producto>
              <nombre>Polo de manga corta</nombre>
              <referencia>PC03</referencia>
              <precio>20€</precio>
              <unidades>3</unidades>
            </producto>
          </info_pedidos>
        </pedido>

        <pedido num="29">
          <info_clientes>
            <nombre>Alicia</nombre>
            <apellidos>López</apellidos>
            <telefono>678354354</telefono>
            <direccion>
              <calle>Avda. Europa</calle>
              <ciudad>Madrid</ciudad>
              <codigo_postal>28023</codigo_postal>
              <provincia>Madrid</provincia>
            </direccion>
            <correo_electronico>alicia.lopez@gmail.com</correo_electronico>
            <fecha_inclusion>01/07/2021</fecha_inclusion>
          </info_clientes>
          <info_pedidos>
            <numero_pedido>29</numero_pedido>
            <fecha_compra>16/09/2021</fecha_compra>
            <fecha_entrega>21/09/2021</fecha_entrega>
            <total_factura>60€</total_factura>
            <producto>
              <nombre>Zapatillas deportivas</nombre>
              <referencia>ZD6789</referencia>
              <precio>60€</precio>
              <unidades>1</unidades>
            </producto>
          </info_pedidos>
        </pedido>

        <pedido num="30">
          <info_clientes>
            <nombre>Andrés</nombre>
            <apellidos>Ramírez</apellidos>
            <telefono>615487965</telefono>
            <direccion>
              <calle>Avda. Libertad</calle>
              <ciudad>Arrollomolinos</ciudad>
              <codigo_postal>28954</codigo_postal>
              <provincia>Madrid</provincia>
            </direccion>
            <correo_electronico>andres.ramirez@gmail.com</correo_electronico>
            <fecha_inclusion>20/08/2021</fecha_inclusion>
          </info_clientes>
          <info_pedidos>
            <numero_pedido>30</numero_pedido>
            <fecha_compra>25/09/2021</fecha_compra>
            <fecha_entrega>31/09/2021</fecha_entrega>
            <total_factura>110€</total_factura>
            <producto>
              <nombre>Chaqueta de cuero</nombre>
              <referencia>CC2345</referencia>
              <precio>90€</precio>
              <unidades>1</unidades>
            </producto>
            <producto>
              <nombre>Pantalón chino</nombre>
              <referencia>PC9876</referencia>
              <precio>20€</precio>
              <unidades>1</unidades>
            </producto>
          </info_pedidos>
        </pedido>
  </trimestre>
  <!--.....................................TRIMESTRE 4.........................................-->
  <trimestre trimestre="4">
        <pedido num="31">
          <info_clientes>
            <nombre>María</nombre>
            <apellidos>López</apellidos>
            <telefono>654789654</telefono>
            <direccion>
              <calle>Calle Mayor</calle>
              <ciudad>Madrid</ciudad>
              <codigo_postal>28013</codigo_postal>
              <provincia>Madrid</provincia>
            </direccion>
            <correo_electronico>maria.lopez@gmail.com</correo_electronico>
            <fecha_inclusion>01/10/2021</fecha_inclusion>
          </info_clientes>
          <info_pedidos>
            <numero_pedido>31</numero_pedido>
            <fecha_compra>01/10/2021</fecha_compra>
            <fecha_entrega>06/10/2021</fecha_entrega>
            <total_factura>45€</total_factura>
            <producto>
              <nombre>Jersey de lana</nombre>
              <referencia>JK1298</referencia>
              <precio>35€</precio>
              <unidades>1</unidades>
            </producto>
            <producto>
              <nombre>Bufanda de seda</nombre>
              <referencia>BF7689</referencia>
              <precio>10€</precio>
              <unidades>1</unidades>
            </producto>
          </info_pedidos>
        </pedido>

        <pedido num="32">
          <info_clientes>
            <nombre>Carlos</nombre>
            <apellidos>González</apellidos>
            <telefono>639857965</telefono>
            <direccion>
              <calle>Calle Alcalá</calle>
              <ciudad>Madrid</ciudad>
              <codigo_postal>28001</codigo_postal>
              <provincia>Madrid</provincia>
            </direccion>
            <correo_electronico>carlos.gonzalez@gmail.com</correo_electronico>
            <fecha_inclusion>05/10/2021</fecha_inclusion>
          </info_clientes>
          <info_pedidos>
            <numero_pedido>32</numero_pedido>
            <fecha_compra>12/10/2021</fecha_compra>
            <fecha_entrega>16/10/2021</fecha_entrega>
            <total_factura>80€</total_factura>
            <producto>
              <nombre>Abrigo de lana</nombre>
              <referencia>AL9078</referencia>
              <precio>60€</precio>
              <unidades>1</unidades>
            </producto>
            <producto>
              <nombre>Guantes de piel</nombre>
              <referencia>GP5476</referencia>
              <precio>20€</precio>
              <unidades>1</unidades>
            </producto>
          </info_pedidos>
        </pedido>

        <pedido num="33">
          <info_clientes>
            <nombre>Isabel</nombre>
            <apellidos>Rodríguez</apellidos>
            <telefono>633548793</telefono>
            <direccion>
              <calle>Calle Goya</calle>
              <ciudad>Madrid</ciudad>
              <codigo_postal>28009</codigo_postal>
              <provincia>Madrid</provincia>
            </direccion>
            <correo_electronico>isabel.rodriguez@gmail.com</correo_electronico>
            <fecha_inclusion>01/10/2021</fecha_inclusion>
          </info_clientes>
          <info_pedidos>
            <numero_pedido>33</numero_pedido>
            <fecha_compra>25/10/2021</fecha_compra>
            <fecha_entrega>30/10/2021</fecha_entrega>
            <total_factura>120€</total_factura>
            <producto>
              <nombre>Chaqueta de cuero</nombre>
              <referencia>CC6893</referencia>
              <precio>90€</precio>
              <unidades>1</unidades>
            </producto>
            <producto>
              <nombre>Cinturón de piel</nombre>
              <referencia>CP9862</referencia>
              <precio>30€</precio>
              <unidades>1</unidades>
            </producto>
          </info_pedidos>
        </pedido>

        <pedido num="34">
          <info_clientes>
            <nombre>Javier</nombre>
            <apellidos>Moreno</apellidos>
            <telefono>622475698</telefono>
            <direccion>
              <calle>Calle Velázquez</calle>
              <ciudad>Madrid</ciudad>
              <codigo_postal>28001</codigo_postal>
              <provincia>Madrid</provincia>
            </direccion>
            <correo_electronico>javier.moreno@gmail.com</correo_electronico>
            <fecha_inclusion>05/11/2021</fecha_inclusion>
          </info_clientes>
          <info_pedidos>
            <numero_pedido>34</numero_pedido>
            <fecha_compra>05/11/2021</fecha_compra>
            <fecha_entrega>10/11/2021</fecha_entrega>
            <total_factura>50€</total_factura>
            <producto>
              <nombre>Camisa de algodón</nombre>
              <referencia>CA3891</referencia>
              <precio>30€</precio>
              <unidades>1</unidades>
            </producto>
            <producto>
              <nombre>Pantalón de tela</nombre>
              <referencia>PT7568</referencia>
              <precio>20€</precio>
              <unidades>1</unidades>
            </producto>
          </info_pedidos>
        </pedido>

        <pedido num="35">
          <info_clientes>
            <nombre>Lucía</nombre>
            <apellidos>Martínez</apellidos>
            <telefono>672341890</telefono>
            <direccion>
              <calle>Calle San Bernardo</calle>
              <ciudad>Madrid</ciudad>
              <codigo_postal>28015</codigo_postal>
              <provincia>Madrid</provincia>
            </direccion>
            <correo_electronico>lucia.martinez@gmail.com</correo_electronico>
            <fecha_inclusion>15/09/2021</fecha_inclusion>
          </info_clientes>
          <info_pedidos>
            <numero_pedido>35</numero_pedido>
            <fecha_compra>20/11/2021</fecha_compra>
            <fecha_entrega>25/11/2021</fecha_entrega>
            <total_factura>100€</total_factura>
            <producto>
              <nombre>Zapatillas deportivas</nombre>
              <referencia>ZD2691</referencia>
              <precio>50€</precio>
              <unidades>1</unidades>
            </producto>
            <producto>
              <nombre>Sudadera con capucha</nombre>
              <referencia>SC4589</referencia>
              <precio>50€</precio>
              <unidades>1</unidades>
            </producto>
          </info_pedidos>
        </pedido>

        <pedido num="36">
          <info_clientes>
            <nombre>Pablo</nombre>
            <apellidos>García</apellidos>
            <telefono>612589768</telefono>
            <direccion>
              <calle>Calle Gran Vía</calle>
              <ciudad>Madrid</ciudad>
              <codigo_postal>28013</codigo_postal>
              <provincia>Madrid</provincia>
            </direccion>
            <correo_electronico>pablo.garcia@gmail.com</correo_electronico>
            <fecha_inclusion>02/10/2021</fecha_inclusion>
          </info_clientes>
          <info_pedidos>
            <numero_pedido>36</numero_pedido>
            <fecha_compra>05/12/2021</fecha_compra>
            <fecha_entrega>10/12/2021</fecha_entrega>
            <total_factura>60€</total_factura>
            <producto>
              <nombre>Jersey de lana</nombre>
              <referencia>JP5678</referencia>
              <precio>40€</precio>
              <unidades>1</unidades>
            </producto>
            <producto>
              <nombre>Pantalón vaquero</nombre>
              <referencia>PV9521</referencia>
              <precio>20€</precio>
              <unidades>1</unidades>
            </producto>
          </info_pedidos>
        </pedido>

        <pedido num="37">
          <info_clientes>
            <nombre>María</nombre>
            <apellidos>López</apellidos>
            <telefono>635721987</telefono>
            <direccion>
              <calle>Calle de la Luna</calle>
              <ciudad>Madrid</ciudad>
              <codigo_postal>28004</codigo_postal>
              <provincia>Madrid</provincia>
            </direccion>
            <correo_electronico>maria.lopez@gmail.com</correo_electronico>
            <fecha_inclusion>02/12/2021</fecha_inclusion>
          </info_clientes>
          <info_pedidos>
            <numero_pedido>37</numero_pedido>
            <fecha_compra>21/12/2021</fecha_compra>
            <fecha_entrega>26/12/2021</fecha_entrega>
            <total_factura>75€</total_factura>
            <producto>
              <nombre>Camiseta de algodón</nombre>
              <referencia>CA4567</referencia>
              <precio>25€</precio>
              <unidades>1</unidades>
            </producto>
            <producto>
              <nombre>Pantalón chino</nombre>
              <referencia>PC7865</referencia>
              <precio>50€</precio>
              <unidades>1</unidades>
            </producto>
          </info_pedidos>
        </pedido>

        <pedido num="38">
          <info_clientes>
            <nombre>Carlos</nombre>
            <apellidos>Rodríguez</apellidos>
            <telefono>657890123</telefono>
            <direccion>
              <calle>Calle Alcalá</calle>
              <ciudad>Madrid</ciudad>
              <codigo_postal>28009</codigo_postal>
              <provincia>Madrid</provincia>
            </direccion>
            <correo_electronico>carlos.rodriguez@gmail.com</correo_electronico>
            <fecha_inclusion>20/10/2021</fecha_inclusion>
          </info_clientes>
          <info_pedidos>
            <numero_pedido>38</numero_pedido>
            <fecha_compra>01/11/2021</fecha_compra>
            <fecha_entrega>05/11/2021</fecha_entrega>
            <total_factura>90€</total_factura>
            <producto>
              <nombre>Cazadora de cuero</nombre>
              <referencia>CC2365</referencia>
              <precio>60€</precio>
              <unidades>1</unidades>
            </producto>
            <producto>
              <nombre>Pantalón cargo</nombre>
              <referencia>PC4598</referencia>
              <precio>30€</precio>
              <unidades>1</unidades>
            </producto>
          </info_pedidos>
        </pedido>

        <pedido num="39">
          <info_clientes>
            <nombre>Manuel</nombre>
            <apellidos>García</apellidos>
            <telefono>692345678</telefono>
            <direccion>
              <calle>Calle Mayor</calle>
              <ciudad>Madrid</ciudad>
              <codigo_postal>28013</codigo_postal>
              <provincia>Madrid</provincia>
            </direccion>
            <correo_electronico>manuel.garcia@gmail.com</correo_electronico>
            <fecha_inclusion>01/10/2021</fecha_inclusion>
          </info_clientes>
          <info_pedidos>
            <numero_pedido>39</numero_pedido>
            <fecha_compra>22/12/2021</fecha_compra>
            <fecha_entrega>24/12/2021</fecha_entrega>
            <total_factura>40€</total_factura>
            <producto>
              <nombre>Jersey de lana</nombre>
              <referencia>JL7654</referencia>
              <precio>25€</precio>
              <unidades>1</unidades>
            </producto>
            <producto>
              <nombre>Bufanda de algodón</nombre>
              <referencia>BF8932</referencia>
              <precio>15€</precio>
              <unidades>1</unidades>
            </producto>
          </info_pedidos>
        </pedido>

        <pedido num="40">
          <info_clientes>
            <nombre>Sara</nombre>
            <apellidos>Ruiz</apellidos>
            <telefono>619876543</telefono>
            <direccion>
              <calle>Calle Gran Vía</calle>
              <ciudad>Madrid</ciudad>
              <codigo_postal>28013</codigo_postal>
              <provincia>Madrid</provincia>
            </direccion>
            <correo_electronico>sara.ruiz@gmail.com</correo_electronico>
            <fecha_inclusion>10/10/2021</fecha_inclusion>
          </info_clientes>
          <info_pedidos>
            <numero_pedido>40</numero_pedido>
            <fecha_compra>26/12/2021</fecha_compra>
            <fecha_entrega>30/12/2021</fecha_entrega>
            <total_factura>100€</total_factura>
            <producto>
              <nombre>Chaqueta de cuero</nombre>
              <referencia>CC2390</referencia>
              <precio>70€</precio>
              <unidades>1</unidades>
            </producto>
            <producto>
              <nombre>Camisa de cuadros</nombre>
              <referencia>CC6734</referencia>
              <precio>30€</precio>
              <unidades>1</unidades>
            </producto>
          </info_pedidos>
          </pedido>
        </trimestre>
      </trimestres>
    </anio2021>

<!--..............................AÑO 2022...................-->
  <anio2022>
  <trimestres>
    <trimestre trimestre="1">
      <pedido num="41">
        <info_clientes>
          <nombre>Nerea</nombre>
          <apellidos>Ruiz Padilla</apellidos>
          <telefono>697301700</telefono>
          <direccion>
            <calle>Fuentes</calle>
            <ciudad>Cubas de la Sagra</ciudad>
            <codigo_postal>28978</codigo_postal>
            <provincia>Madrid</provincia>
          </direccion>
          <correo_electronico>nerea@gmail.com</correo_electronico>
          <fecha_inclusion>01/01/2022</fecha_inclusion>
        </info_clientes>
        <info_pedidos>
          <numero_pedido>41</numero_pedido>
          <fecha_compra>01/01/2022</fecha_compra>
          <fecha_entrega>05/01/2022</fecha_entrega>
          <total_factura>65€</total_factura>
          <producto>
            <nombre>Sudadera</nombre>
            <referencia>UM98</referencia>
            <precio>35.00</precio>
            <unidades>1</unidades>
          </producto>
          <producto>
            <nombre>Pantalón de chandal</nombre>
            <referencia>PC66</referencia>
            <precio>30.00</precio>
            <unidades>1</unidades>
          </producto>
        </info_pedidos>
      </pedido>
      
      <pedido num="42">
        <info_clientes>
          <nombre>Ariadna</nombre>
          <apellidos>Martinez Alvarez</apellidos>
          <telefono>695261752</telefono>
          <direccion>
            <calle>Sagrado Corazon</calle>
            <ciudad>Humanes de Madrid</ciudad>
            <codigo_postal>28970</codigo_postal>
            <provincia>Madrid</provincia>
          </direccion>
          <correo_electronico>ari@gmail.com</correo_electronico>
          <fecha_inclusion>12/01/2022</fecha_inclusion>
        </info_clientes>
        <info_pedidos>
          <numero_pedido>42</numero_pedido>
          <fecha_compra>12/01/2022</fecha_compra>
          <fecha_entrega>16/01/2022</fecha_entrega>
          <total_factura>30€</total_factura>
          <producto>
            <nombre>Camiseta manga corta</nombre>
            <referencia>CMC28</referencia>
            <precio>15€</precio>
            <unidades>2</unidades>
          </producto>
        </info_pedidos>
      </pedido>

      <pedido num="43">
        <info_clientes>
          <nombre>Raul</nombre>
          <apellidos>Gomez Blanco</apellidos>
          <telefono>653452435</telefono>
          <direccion>
            <calle>Girasol</calle>
            <ciudad>Fuenlabrada</ciudad>
            <codigo_postal>28940</codigo_postal>
            <provincia>Madrid</provincia>
          </direccion>
          <correo_electronico>Raul@gmail.com</correo_electronico>
          <fecha_inclusion>21/01/2022</fecha_inclusion>
        </info_clientes>
        <info_pedidos>
          <numero_pedido>43</numero_pedido>
          <fecha_compra>21/01/2022</fecha_compra>
          <fecha_entrega>25/01/2022</fecha_entrega>
          <total_factura>85€</total_factura>
          <producto>
            <nombre>Chaqueta de cuero</nombre>
            <referencia>CHC88</referencia>
            <precio>55.00</precio>
            <unidades>1</unidades>
          </producto>
          <producto>
            <nombre>Vaquero</nombre>
            <referencia>VN66</referencia>
            <precio>30.00</precio>
            <unidades>1</unidades>
          </producto>
        </info_pedidos>
      </pedido>

      <pedido num="44">
        <info_clientes>
          <nombre>Marta</nombre>
          <apellidos>Martinez Teixeira</apellidos>
          <telefono>786435243</telefono>
          <direccion>
            <calle>Quevedo</calle>
            <ciudad>Alcorcón</ciudad>
            <codigo_postal>28918</codigo_postal>
            <provincia>Madrid</provincia>
          </direccion>
          <correo_electronico>marta@gmail.com</correo_electronico>
          <fecha_inclusion>03/04/2022</fecha_inclusion>
        </info_clientes>
        <info_pedidos>
          <numero_pedido>44</numero_pedido>
          <fecha_compra>03/02/2022</fecha_compra>
          <fecha_entrega>07/02/2022</fecha_entrega>
          <total_factura>70€</total_factura>
          <producto>
            <nombre>Sudadera</nombre>
            <referencia>UM498</referencia>
            <precio>40.00</precio>
            <unidades>1</unidades>
          </producto>
          <producto>
            <nombre>Camiseta manga corta</nombre>
            <referencia>CMCB098</referencia>
            <precio>10.00</precio>
            <unidades>3</unidades>
          </producto>
        </info_pedidos>
      </pedido>

      <pedido num="45">
        <info_clientes>
          <nombre>Daniel</nombre>
          <apellidos>Tovar Barroso</apellidos>
          <telefono>698635342</telefono>
          <direccion>
            <calle>San valeano</calle>
            <ciudad>Leganes</ciudad>
            <codigo_postal>28912</codigo_postal>
            <provincia>Madrid</provincia>
          </direccion>
          <correo_electronico>daniel@gmail.com</correo_electronico>
          <fecha_inclusion>16/02/2022</fecha_inclusion>
        </info_clientes>
        <info_pedidos>
          <numero_pedido>45</numero_pedido>
          <fecha_compra>16/02/2022</fecha_compra>
          <fecha_entrega>20/02/2022</fecha_entrega>
          <total_factura>60€</total_factura>
          <producto>
            <nombre>Abrigo</nombre>
            <referencia>ABP44</referencia>
            <precio>60.00</precio>
            <unidades>1</unidades>
          </producto>
        </info_pedidos>
      </pedido>

      <pedido num="46">
        <info_clientes>
          <nombre>Rodrigo</nombre>
          <apellidos>Pozo</apellidos>
          <telefono>673539287</telefono>
          <direccion>
            <calle>San cristo</calle>
            <ciudad>Arroyomolinos</ciudad>
            <codigo_postal>28954</codigo_postal>
            <provincia>Madrid</provincia>
          </direccion>
          <correo_electronico>Rodrigo@gmail.com</correo_electronico>
          <fecha_inclusion>18/02/2022</fecha_inclusion>
        </info_clientes>
        <info_pedidos>
          <numero_pedido>46</numero_pedido>
          <fecha_compra>18/02/2022</fecha_compra>
          <fecha_entrega>22/02/2022</fecha_entrega>
          <total_factura>55€</total_factura>
          <producto>
            <nombre>Chandal completo</nombre>
            <referencia>CHR34</referencia>
            <precio>45.00</precio>
            <unidades>1</unidades>
          </producto>
          <producto>
            <nombre>Camiseta manga corta</nombre>
            <referencia>CMCR7</referencia>
            <precio>10.00</precio>
            <unidades>1</unidades>
          </producto>
        </info_pedidos>
      </pedido>

      <pedido num="47">
        <info_clientes>
          <nombre>Isabel</nombre>
          <apellidos>Padilla Perello</apellidos>
          <telefono>645855556</telefono>
          <direccion>
            <calle>Portugal</calle>
            <ciudad>Fuenlabrada</ciudad>
            <codigo_postal>28940</codigo_postal>
            <provincia>Madrid</provincia>
          </direccion>
          <correo_electronico>isa@gmail.com</correo_electronico>
          <fecha_inclusion>01/03/2022</fecha_inclusion>
        </info_clientes>
        <info_pedidos>
          <numero_pedido>47</numero_pedido>
          <fecha_compra>01/03/2022</fecha_compra>
          <fecha_entrega>05/03/2022</fecha_entrega>
          <total_factura>90€</total_factura>
          <producto>
            <nombre>Sudadera</nombre>
            <referencia>SCC44</referencia>
            <precio>35.00</precio>
            <unidades>1</unidades>
          </producto>
          <producto>
            <nombre>Polo</nombre>
            <referencia>PLO2</referencia>
            <precio>25.00</precio>
            <unidades>1</unidades>
          </producto>
          <producto>
            <nombre>Vaquero</nombre>
            <referencia>VQ333</referencia>
            <precio>30.00</precio>
            <unidades>1</unidades>
          </producto>
        </info_pedidos>
      </pedido>

      <pedido num="48">
        <info_clientes>
          <nombre>David</nombre>
          <apellidos>Ruiz</apellidos>
          <telefono>670263546</telefono>
          <direccion>
            <calle>Los Brezos</calle>
            <ciudad>Griñon</ciudad>
            <codigo_postal>28971</codigo_postal>
            <provincia>Madrid</provincia>
          </direccion>
          <correo_electronico>david@gmail.com</correo_electronico>
          <fecha_inclusion>25/03/2022</fecha_inclusion>
        </info_clientes>
        <info_pedidos>
          <numero_pedido>48</numero_pedido>
          <fecha_compra>25/03/2022</fecha_compra>
          <fecha_entrega>27/03/2022</fecha_entrega>
          <total_factura>65€</total_factura>
          <producto>
            <nombre>Polo</nombre>
            <referencia>PLM009</referencia>
            <precio>35.00</precio>
            <unidades>1</unidades>
          </producto>
        </info_pedidos>
      </pedido>

      <pedido num="49">
        <info_clientes>
          <nombre>Nerea</nombre>
          <apellidos>Ruiz</apellidos>
          <telefono>697301700</telefono>
          <direccion>
            <calle>Fuentes</calle>
            <ciudad>Cubas de la Sagra</ciudad>
            <codigo_postal>28978</codigo_postal>
            <provincia>Madrid</provincia>
          </direccion>
          <correo_electronico>nerea@gmail.com</correo_electronico>
          <fecha_inclusion>29/03/2022</fecha_inclusion>
        </info_clientes>
        <info_pedidos>
          <numero_pedido>49</numero_pedido>
          <fecha_compra>29/03/2022</fecha_compra>
          <fecha_entrega>31/03/2022</fecha_entrega>
          <total_factura>65€</total_factura>
          <producto>
            <nombre>Sudadera</nombre>
            <referencia>UM999</referencia>
            <precio>35.00</precio>
            <unidades>1</unidades>
          </producto>
        </info_pedidos>
      </pedido>

      <pedido num="50">
        <info_clientes>
          <nombre>Alejandro</nombre>
          <apellidos>Godoy</apellidos>
          <telefono>688635243</telefono>
          <direccion>
            <calle>Santillana</calle>
            <ciudad>Villaverde</ciudad>
            <codigo_postal>28974</codigo_postal>
            <provincia>Madrid</provincia>
          </direccion>
          <correo_electronico>Alejandro@gmail.com</correo_electronico>
          <fecha_inclusion>01/01/2022</fecha_inclusion>
        </info_clientes>
        <info_pedidos>
          <numero_pedido>50</numero_pedido>
          <fecha_compra>29/03/2022</fecha_compra>
          <fecha_entrega>31/03/2022</fecha_entrega>
          <total_factura>65€</total_factura>
          <producto>
            <nombre>Camisa</nombre>
            <referencia>C674</referencia>
            <precio>35.00</precio>
            <unidades>1</unidades>
          </producto>
        </info_pedidos>
      </pedido>
    </trimestre>
<!--.....................................TRIMESTRE 2.........................................-->
    <trimestre trimestre="2">
      <pedido num="51">
        <info_clientes>
          <nombre>Carla</nombre>
          <apellidos>Rodriguez Pérez</apellidos>
          <telefono>622541789</telefono>
          <direccion>
            <calle>Calle Mayor</calle>
            <ciudad>Barcelona</ciudad>
            <codigo_postal>08001</codigo_postal>
            <provincia>Barcelona</provincia>
          </direccion>
          <correo_electronico>carla@gmail.com</correo_electronico>
          <fecha_inclusion>05/04/2022</fecha_inclusion>
        </info_clientes>
        <info_pedidos>
          <numero_pedido>51</numero_pedido>
          <fecha_compra>10/04/2022</fecha_compra>
          <fecha_entrega>15/04/2022</fecha_entrega>
          <total_factura>85€</total_factura>
          <producto>
            <nombre>Pantalón vaquero</nombre>
            <referencia>PVJ93</referencia>
            <precio>50€</precio>
            <unidades>1</unidades>
          </producto>
          <producto>
            <nombre>Camiseta blanca</nombre>
            <referencia>CBF01</referencia>
            <precio>20€</precio>
            <unidades>2</unidades>
          </producto>
          <producto>
            <nombre>Calcetines deportivos</nombre>
            <referencia>CDS22</referencia>
            <precio>5€</precio>
            <unidades>3</unidades>
          </producto>
        </info_pedidos>
      </pedido>

      <pedido num="52">
        <info_clientes>
          <nombre>Carla</nombre>
          <apellidos>Rodriguez Pérez</apellidos>
          <telefono>622541789</telefono>
          <direccion>
            <calle>Calle Mayor</calle>
            <ciudad>Barcelona</ciudad>
            <codigo_postal>08001</codigo_postal>
            <provincia>Barcelona</provincia>
          </direccion>
          <correo_electronico>carla@gmail.com</correo_electronico>
          <fecha_inclusion>05/04/2022</fecha_inclusion>
        </info_clientes>
        <info_pedidos>
          <numero_pedido>52</numero_pedido>
          <fecha_compra>10/04/2022</fecha_compra>
          <fecha_entrega>15/04/2022</fecha_entrega>
          <total_factura>85€</total_factura>
          <producto>
            <nombre>Pantalón vaquero</nombre>
            <referencia>PVJ93</referencia>
            <precio>50€</precio>
            <unidades>1</unidades>
          </producto>
          <producto>
            <nombre>Camiseta blanca</nombre>
            <referencia>CBF01</referencia>
            <precio>20€</precio>
            <unidades>2</unidades>
          </producto>
          <producto>
            <nombre>Calcetines deportivos</nombre>
            <referencia>CDS22</referencia>
            <precio>5€</precio>
            <unidades>3</unidades>
          </producto>
        </info_pedidos>
      </pedido>

      <pedido num="53">
        <info_clientes>
          <nombre>Hector</nombre>
          <apellidos>sanchez</apellidos>
          <telefono>674635243</telefono>
          <direccion>
            <calle>Soto</calle>
            <ciudad>Moraleja de enmedio</ciudad>
            <codigo_postal>28972</codigo_postal>
            <provincia>Madrid</provincia>
          </direccion>
          <correo_electronico>hector@gmail.com</correo_electronico>
          <fecha_inclusion>15/04/2022</fecha_inclusion>
        </info_clientes>
        <info_pedidos>
          <numero_pedido>53</numero_pedido>
          <fecha_compra>15/04/2022</fecha_compra>
          <fecha_entrega>25/01/2022</fecha_entrega>
          <total_factura>555€</total_factura>
          <producto>
            <nombre>Sudadera sin capucha</nombre>
            <referencia>SSC78</referencia>
            <precio>25€</precio>
            <unidades>1</unidades>
          </producto>
          <producto>
            <nombre>Vaquero</nombre>
            <referencia>VN86</referencia>
            <precio>30€</precio>
            <unidades>1</unidades>
          </producto>
        </info_pedidos>
      </pedido>

      <pedido num="54">
        <info_clientes>
          <nombre>Marta</nombre>
          <apellidos>Martinez Teixeira</apellidos>
          <telefono>786435243</telefono>
          <direccion>
            <calle>Quevedo</calle>
            <ciudad>Alcorcón</ciudad>
            <codigo_postal>28918</codigo_postal>
            <provincia>Madrid</provincia>
          </direccion>
          <correo_electronico>marta@gmail.com</correo_electronico>
          <fecha_inclusion>03/04/2022</fecha_inclusion>
        </info_clientes>
        <info_pedidos>
          <numero_pedido>54</numero_pedido>
          <fecha_compra>23/04/2022</fecha_compra>
          <fecha_entrega>25/04/2022</fecha_entrega>
          <total_factura>70€</total_factura>
          <producto>
            <nombre>Sudadera</nombre>
            <referencia>UM498</referencia>
            <precio>40€</precio>
            <unidades>1</unidades>
          </producto>
          <producto>
            <nombre>Camiseta manga corta</nombre>
            <referencia>CMCB098</referencia>
            <precio>10€</precio>
            <unidades>3</unidades>
          </producto>
        </info_pedidos>
      </pedido>

      <pedido num="55">
        <info_clientes>
          <nombre>Miguel</nombre>
          <apellidos>Velazquez</apellidos>
          <telefono>678363537</telefono>
          <direccion>
            <calle>Los rosales</calle>
            <ciudad>Cubas de la Sagra</ciudad>
            <codigo_postal>28978</codigo_postal>
            <provincia>Madrid</provincia>
          </direccion>
          <correo_electronico>miguel@gmail.com</correo_electronico>
          <fecha_inclusion>01/05/2022</fecha_inclusion>
        </info_clientes>
        <info_pedidos>
          <numero_pedido>55</numero_pedido>
          <fecha_compra>01/05/2022</fecha_compra>
          <fecha_entrega>07/05/2022</fecha_entrega>
          <total_factura>35€</total_factura>
          <producto>
            <nombre>Vaquero corto</nombre>
            <referencia>VC67</referencia>
            <precio>25€</precio>
            <unidades>1</unidades>
          </producto>
          <producto>
            <nombre>Camiseta manga corta</nombre>
            <referencia>CMCB098</referencia>
            <precio>10€</precio>
            <unidades>1</unidades>
          </producto>
        </info_pedidos>
      </pedido>

      <pedido num="56">
        <info_clientes>
          <nombre>Saray</nombre>
          <apellidos>Montoya</apellidos>
          <telefono>676453535</telefono>
          <direccion>
            <calle>Pez</calle>
            <ciudad>Alcorcon</ciudad>
            <codigo_postal>28922</codigo_postal>
            <provincia>Madrid</provincia>
          </direccion>
          <correo_electronico>saray@gmail.com</correo_electronico>
          <fecha_inclusion>03/05/2022</fecha_inclusion>
        </info_clientes>
        <info_pedidos>
          <numero_pedido>56</numero_pedido>
          <fecha_compra>03/05/2022</fecha_compra>
          <fecha_entrega>07/05/2022</fecha_entrega>
          <total_factura>20€</total_factura>
          <producto>
            <nombre>Pack Calcetines</nombre>
            <referencia>CL789</referencia>
            <precio>2€</precio>
            <unidades>10</unidades>
          </producto>
        </info_pedidos>
      </pedido>

      <pedido num="57">
        <info_clientes>
          <nombre>Ángel</nombre>
          <apellidos>Urda</apellidos>
          <telefono>678392534</telefono>
          <direccion>
            <calle>Cervantes</calle>
            <ciudad>Griñon</ciudad>
            <codigo_postal>28971</codigo_postal>
            <provincia>Madrid</provincia>
          </direccion>
          <correo_electronico>Angel@gmail.com</correo_electronico>
          <fecha_inclusion>10/05/2022</fecha_inclusion>
        </info_clientes>
        <info_pedidos>
          <numero_pedido>57</numero_pedido>
          <fecha_compra>10/05/2022</fecha_compra>
          <fecha_entrega>15/05/2022</fecha_entrega>
          <total_factura>45€</total_factura>
          <producto>
            <nombre>Zapatillas</nombre>
            <referencia>ZP676</referencia>
            <precio>45€</precio>
            <unidades>1</unidades>
          </producto>
        </info_pedidos>
      </pedido>

      <pedido num="58">
        <info_clientes>
          <nombre>Jorge</nombre>
          <apellidos>Blazquez</apellidos>
          <telefono>6537488358</telefono>
          <direccion>
            <calle>Morales</calle>
            <ciudad>Fuenlabrada</ciudad>
            <codigo_postal>28946</codigo_postal>
            <provincia>Madrid</provincia>
          </direccion>
          <correo_electronico>jorge@gmail.com</correo_electronico>
          <fecha_inclusion>29/05/2022</fecha_inclusion>
        </info_clientes>
        <info_pedidos>
          <numero_pedido>58</numero_pedido>
          <fecha_compra>29/05/2022</fecha_compra>
          <fecha_entrega>02/06/2022</fecha_entrega>
          <total_factura>25€</total_factura>
          <producto>
            <nombre>Chaleco</nombre>
            <referencia>CH78</referencia>
            <precio>25€</precio>
            <unidades>1</unidades>
          </producto>
        </info_pedidos>
      </pedido>

      <pedido num="59">
        <info_clientes>
          <nombre>Lola</nombre>
          <apellidos>Moreno</apellidos>
          <telefono>678345634</telefono>
          <direccion>
            <calle>Fuentes claras</calle>
            <ciudad>Cubas de la Sagra</ciudad>
            <codigo_postal>28978</codigo_postal>
            <provincia>Madrid</provincia>
          </direccion>
          <correo_electronico>lola@gmail.com</correo_electronico>
          <fecha_inclusion>04/06/2022</fecha_inclusion>
        </info_clientes>
        <info_pedidos>
          <numero_pedido>59</numero_pedido>
          <fecha_compra>04/06/2022</fecha_compra>
          <fecha_entrega>08/06/2022</fecha_entrega>
          <total_factura>45€</total_factura>
          <producto>
            <nombre>Vaquero corto</nombre>
            <referencia>VC67</referencia>
            <precio>25€</precio>
            <unidades>1</unidades>
          </producto>
          <producto>
            <nombre>Camiseta manga corta</nombre>
            <referencia>CMCB098</referencia>
            <precio>10€</precio>
            <unidades>2</unidades>
          </producto>
        </info_pedidos>
      </pedido>

      <pedido num="60">
        <info_clientes>
          <nombre>Isabel</nombre>
          <apellidos>Padilla Perello</apellidos>
          <telefono>645855556</telefono>
          <direccion>
            <calle>Portugal</calle>
            <ciudad>Fuenlabrada</ciudad>
            <codigo_postal>28940</codigo_postal>
            <provincia>Madrid</provincia>
          </direccion>
          <correo_electronico>isa@gmail.com</correo_electronico>
          <fecha_inclusion>01/03/2022</fecha_inclusion>
        </info_clientes>
        <info_pedidos>
          <numero_pedido>60</numero_pedido>
          <fecha_compra>22/06/2022</fecha_compra>
          <fecha_entrega>30/06/2022</fecha_entrega>
          <total_factura>25€</total_factura>
          <producto>
            <nombre>Vaquero corto</nombre>
            <referencia>VC699</referencia>
            <precio>25€</precio>
            <unidades>1</unidades>
          </producto>
        </info_pedidos>
      </pedido>
</trimestre>
<!--.....................................TRIMESTRE 3.........................................-->
<trimestre trimestre="3">
      <pedido num="61">
        <info_clientes>
          <nombre>Carlos</nombre>
          <apellidos>Quintana</apellidos>
          <telefono>678354354</telefono>
          <direccion>
            <calle>Rosales</calle>
            <ciudad>Aranjuez</ciudad>
            <codigo_postal>28910</codigo_postal>
            <provincia>Madrid</provincia>
          </direccion>
          <correo_electronico>corlos@gmail.com</correo_electronico>
          <fecha_inclusion>01/07/2022</fecha_inclusion>
        </info_clientes>
        <info_pedidos>
          <numero_pedido>61</numero_pedido>
          <fecha_compra>01/07/2022</fecha_compra>
          <fecha_entrega>05/07/2022</fecha_entrega>
          <total_factura>15€</total_factura>
          <producto>
            <nombre>Bañador</nombre>
            <referencia>BÑ239</referencia>
            <precio>15€</precio>
            <unidades>1</unidades>
          </producto>
        </info_pedidos>
      </pedido>

      <pedido num="62">
        <info_clientes>
          <nombre>Carlos</nombre>
          <apellidos>Quintana</apellidos>
          <telefono>678354354</telefono>
          <direccion>
            <calle>Rosales</calle>
            <ciudad>Aranjuez</ciudad>
            <codigo_postal>28910</codigo_postal>
            <provincia>Madrid</provincia>
          </direccion>
          <correo_electronico>corlos@gmail.com</correo_electronico>
          <fecha_inclusion>01/07/2022</fecha_inclusion>
        </info_clientes>
        <info_pedidos>
          <numero_pedido>62</numero_pedido>
          <fecha_compra>01/07/2022</fecha_compra>
          <fecha_entrega>05/07/2022</fecha_entrega>
          <total_factura>15€</total_factura>
          <producto>
            <nombre>Bañador</nombre>
            <referencia>BÑ239</referencia>
            <precio>15€</precio>
            <unidades>1</unidades>
          </producto>
        </info_pedidos>
      </pedido>

      <pedido num="63">
        <info_clientes>
          <nombre>Raquel</nombre>
          <apellidos>Quintana</apellidos>
          <telefono>678354354</telefono>
          <direccion>
            <calle>Rosales</calle>
            <ciudad>Aranjuez</ciudad>
            <codigo_postal>28910</codigo_postal>
            <provincia>Madrid</provincia>
          </direccion>
          <correo_electronico>raquel@gmail.com</correo_electronico>
          <fecha_inclusion>01/07/2022</fecha_inclusion>
        </info_clientes>
        <info_pedidos>
          <numero_pedido>63</numero_pedido>
          <fecha_compra>14/07/2022</fecha_compra>
          <fecha_entrega>18/07/2022</fecha_entrega>
          <total_factura>15€</total_factura>
          <producto>
            <nombre>Bikini</nombre>
            <referencia>BK239</referencia>
            <precio>15€</precio>
            <unidades>1</unidades>
          </producto>
        </info_pedidos>
      </pedido>

      <pedido num="64">
        <info_clientes>
          <nombre>Noelia</nombre>
          <apellidos>Dudas</apellidos>
          <telefono>678345263</telefono>
          <direccion>
            <calle>Juanador</calle>
            <ciudad>Villa Verde</ciudad>
            <codigo_postal>28980</codigo_postal>
            <provincia>Madrid</provincia>
          </direccion>
          <correo_electronico>Noe@gmail.com</correo_electronico>
          <fecha_inclusion>20/07/2022</fecha_inclusion>
        </info_clientes>
        <info_pedidos>
          <numero_pedido>64</numero_pedido>
          <fecha_compra>20/07/2022</fecha_compra>
          <fecha_entrega>24/07/2022</fecha_entrega>
          <total_factura>30€</total_factura>
          <producto>
            <nombre>Bikini</nombre>
            <referencia>BK2394</referencia>
            <precio>15€</precio>
            <unidades>2</unidades>
          </producto>
        </info_pedidos>
      </pedido>

      <pedido num="65">
        <info_clientes>
          <nombre>Julian</nombre>
          <apellidos>Quintana</apellidos>
          <telefono>678354354</telefono>
          <direccion>
            <calle>Rosales</calle>
            <ciudad>Aranjuez</ciudad>
            <codigo_postal>28910</codigo_postal>
            <provincia>Madrid</provincia>
          </direccion>
          <correo_electronico>julian@gmail.com</correo_electronico>
          <fecha_inclusion>01/07/2022</fecha_inclusion>
        </info_clientes>
        <info_pedidos>
          <numero_pedido>65</numero_pedido>
          <fecha_compra>14/07/2022</fecha_compra>
          <fecha_entrega>18/07/2022</fecha_entrega>
          <total_factura>30€</total_factura>
          <producto>
            <nombre>Pantalon corto</nombre>
            <referencia>PC29</referencia>
            <precio>30€</precio>
            <unidades>1</unidades>
          </producto>
        </info_pedidos>
      </pedido>

      <pedido num="66">
        <info_clientes>
          <nombre>María</nombre>
          <apellidos>Rodríguez</apellidos>
          <telefono>612348902</telefono>
          <direccion>
            <calle>Gran Vía</calle>
            <ciudad>Madrid</ciudad>
            <codigo_postal>28013</codigo_postal>
            <provincia>Madrid</provincia>
          </direccion>
          <correo_electronico>maria_rodriguez@hotmail.com</correo_electronico>
          <fecha_inclusion>01/08/2022</fecha_inclusion>
        </info_clientes>
        <info_pedidos>
          <numero_pedido>66</numero_pedido>
          <fecha_compra>15/08/2022</fecha_compra>
          <fecha_entrega>20/08/2022</fecha_entrega>
          <total_factura>45€</total_factura>
          <producto>
            <nombre>Zapatos de tacón</nombre>
            <referencia>ZT01</referencia>
            <precio>45€</precio>
            <unidades>1</unidades>
          </producto>
        </info_pedidos>
      </pedido>

      <pedido num="67">
        <info_clientes>
          <nombre>Dario</nombre>
          <apellidos>Rivera</apellidos>
          <telefono>639874563</telefono>
          <direccion>
            <calle>Av. de la Constitución</calle>
            <ciudad>Leganes</ciudad>
            <codigo_postal>41004</codigo_postal>
            <provincia>Madrid</provincia>
          </direccion>
          <correo_electronico>dario@gmail.com</correo_electronico>
          <fecha_inclusion>01/07/2022</fecha_inclusion>
        </info_clientes>
        <info_pedidos>
          <numero_pedido>67</numero_pedido>
          <fecha_compra>01/09/2022</fecha_compra>
          <fecha_entrega>05/09/2022</fecha_entrega>
          <total_factura>60€</total_factura>
          <producto>
            <nombre>Polo de manga corta</nombre>
            <referencia>PC03</referencia>
            <precio>20€</precio>
            <unidades>3</unidades>
          </producto>
        </info_pedidos>
      </pedido>

      <pedido num="68">
        <info_clientes>
          <nombre>Rocio</nombre>
          <apellidos>Rubio</apellidos>
          <telefono>639874563</telefono>
          <direccion>
            <calle>Constitución</calle>
            <ciudad>Fuenlabrada</ciudad>
            <codigo_postal>28940</codigo_postal>
            <provincia>Madrid</provincia>
          </direccion>
          <correo_electronico>rocio@gmail.com</correo_electronico>
          <fecha_inclusion>10/09/2022</fecha_inclusion>
        </info_clientes>
        <info_pedidos>
          <numero_pedido>68</numero_pedido>
          <fecha_compra>10/09/2022</fecha_compra>
          <fecha_entrega>15/09/2022</fecha_entrega>
          <total_factura>60€</total_factura>
          <producto>
            <nombre>Polo de manga corta</nombre>
            <referencia>PC03</referencia>
            <precio>20€</precio>
            <unidades>3</unidades>
          </producto>
        </info_pedidos>
      </pedido>

      <pedido num="69">
        <info_clientes>
          <nombre>Alicia</nombre>
          <apellidos>López</apellidos>
          <telefono>678354354</telefono>
          <direccion>
            <calle>Avda. Europa</calle>
            <ciudad>Madrid</ciudad>
            <codigo_postal>28023</codigo_postal>
            <provincia>Madrid</provincia>
          </direccion>
          <correo_electronico>alicia.lopez@gmail.com</correo_electronico>
          <fecha_inclusion>01/07/2022</fecha_inclusion>
        </info_clientes>
        <info_pedidos>
          <numero_pedido>69</numero_pedido>
          <fecha_compra>16/09/2022</fecha_compra>
          <fecha_entrega>21/09/2022</fecha_entrega>
          <total_factura>60€</total_factura>
          <producto>
            <nombre>Zapatillas deportivas</nombre>
            <referencia>ZD6789</referencia>
            <precio>60€</precio>
            <unidades>1</unidades>
          </producto>
        </info_pedidos>
      </pedido>

      <pedido num="70">
        <info_clientes>
          <nombre>Andrés</nombre>
          <apellidos>Ramírez</apellidos>
          <telefono>615487965</telefono>
          <direccion>
            <calle>Avda. Libertad</calle>
            <ciudad>Arrollomolinos</ciudad>
            <codigo_postal>28954</codigo_postal>
            <provincia>Madrid</provincia>
          </direccion>
          <correo_electronico>andres.ramirez@gmail.com</correo_electronico>
          <fecha_inclusion>20/08/2022</fecha_inclusion>
        </info_clientes>
        <info_pedidos>
          <numero_pedido>70</numero_pedido>
          <fecha_compra>25/09/2022</fecha_compra>
          <fecha_entrega>31/09/2022</fecha_entrega>
          <total_factura>110€</total_factura>
          <producto>
            <nombre>Chaqueta de cuero</nombre>
            <referencia>CC2345</referencia>
            <precio>90€</precio>
            <unidades>1</unidades>
          </producto>
          <producto>
            <nombre>Pantalón chino</nombre>
            <referencia>PC9876</referencia>
            <precio>20€</precio>
            <unidades>1</unidades>
          </producto>
        </info_pedidos>
      </pedido>
</trimestre>
<!--.....................................TRIMESTRE 4.........................................-->
<trimestre trimestre="4">
      <pedido num="71">
        <info_clientes>
          <nombre>María</nombre>
          <apellidos>López</apellidos>
          <telefono>654789654</telefono>
          <direccion>
            <calle>Calle Mayor</calle>
            <ciudad>Madrid</ciudad>
            <codigo_postal>28013</codigo_postal>
            <provincia>Madrid</provincia>
          </direccion>
          <correo_electronico>maria.lopez@gmail.com</correo_electronico>
          <fecha_inclusion>01/10/2022</fecha_inclusion>
        </info_clientes>
        <info_pedidos>
          <numero_pedido>71</numero_pedido>
          <fecha_compra>01/10/2022</fecha_compra>
          <fecha_entrega>06/10/2022</fecha_entrega>
          <total_factura>45€</total_factura>
          <producto>
            <nombre>Jersey de lana</nombre>
            <referencia>JK1298</referencia>
            <precio>35€</precio>
            <unidades>1</unidades>
          </producto>
          <producto>
            <nombre>Bufanda de seda</nombre>
            <referencia>BF7689</referencia>
            <precio>10€</precio>
            <unidades>1</unidades>
          </producto>
        </info_pedidos>
      </pedido>

      <pedido num="72">
        <info_clientes>
          <nombre>Carlos</nombre>
          <apellidos>González</apellidos>
          <telefono>639857965</telefono>
          <direccion>
            <calle>Calle Alcalá</calle>
            <ciudad>Madrid</ciudad>
            <codigo_postal>28001</codigo_postal>
            <provincia>Madrid</provincia>
          </direccion>
          <correo_electronico>carlos.gonzalez@gmail.com</correo_electronico>
          <fecha_inclusion>05/10/2022</fecha_inclusion>
        </info_clientes>
        <info_pedidos>
          <numero_pedido>72</numero_pedido>
          <fecha_compra>12/10/2022</fecha_compra>
          <fecha_entrega>16/10/2022</fecha_entrega>
          <total_factura>80€</total_factura>
          <producto>
            <nombre>Abrigo de lana</nombre>
            <referencia>AL9078</referencia>
            <precio>60€</precio>
            <unidades>1</unidades>
          </producto>
          <producto>
            <nombre>Guantes de piel</nombre>
            <referencia>GP5476</referencia>
            <precio>20€</precio>
            <unidades>1</unidades>
          </producto>
        </info_pedidos>
      </pedido>

      <pedido num="73">
        <info_clientes>
          <nombre>Isabel</nombre>
          <apellidos>Rodríguez</apellidos>
          <telefono>633548793</telefono>
          <direccion>
            <calle>Calle Goya</calle>
            <ciudad>Madrid</ciudad>
            <codigo_postal>28009</codigo_postal>
            <provincia>Madrid</provincia>
          </direccion>
          <correo_electronico>isabel.rodriguez@gmail.com</correo_electronico>
          <fecha_inclusion>01/10/2022</fecha_inclusion>
        </info_clientes>
        <info_pedidos>
          <numero_pedido>73</numero_pedido>
          <fecha_compra>25/10/2022</fecha_compra>
          <fecha_entrega>30/10/2022</fecha_entrega>
          <total_factura>120€</total_factura>
          <producto>
            <nombre>Chaqueta de cuero</nombre>
            <referencia>CC6893</referencia>
            <precio>90€</precio>
            <unidades>1</unidades>
          </producto>
          <producto>
            <nombre>Cinturón de piel</nombre>
            <referencia>CP9862</referencia>
            <precio>30€</precio>
            <unidades>1</unidades>
          </producto>
        </info_pedidos>
      </pedido>

      <pedido num="74">
        <info_clientes>
          <nombre>Javier</nombre>
          <apellidos>Moreno</apellidos>
          <telefono>622475698</telefono>
          <direccion>
            <calle>Calle Velázquez</calle>
            <ciudad>Madrid</ciudad>
            <codigo_postal>28001</codigo_postal>
            <provincia>Madrid</provincia>
          </direccion>
          <correo_electronico>javier.moreno@gmail.com</correo_electronico>
          <fecha_inclusion>05/11/2022</fecha_inclusion>
        </info_clientes>
        <info_pedidos>
          <numero_pedido>74</numero_pedido>
          <fecha_compra>05/11/2022</fecha_compra>
          <fecha_entrega>10/11/2022</fecha_entrega>
          <total_factura>50€</total_factura>
          <producto>
            <nombre>Camisa de algodón</nombre>
            <referencia>CA3891</referencia>
            <precio>30€</precio>
            <unidades>1</unidades>
          </producto>
          <producto>
            <nombre>Pantalón de tela</nombre>
            <referencia>PT7568</referencia>
            <precio>20€</precio>
            <unidades>1</unidades>
          </producto>
        </info_pedidos>
      </pedido>

      <pedido num="75">
        <info_clientes>
          <nombre>Lucía</nombre>
          <apellidos>Martínez</apellidos>
          <telefono>672341890</telefono>
          <direccion>
            <calle>Calle San Bernardo</calle>
            <ciudad>Madrid</ciudad>
            <codigo_postal>28015</codigo_postal>
            <provincia>Madrid</provincia>
          </direccion>
          <correo_electronico>lucia.martinez@gmail.com</correo_electronico>
          <fecha_inclusion>15/09/2022</fecha_inclusion>
        </info_clientes>
        <info_pedidos>
          <numero_pedido>75</numero_pedido>
          <fecha_compra>20/11/2022</fecha_compra>
          <fecha_entrega>25/11/2022</fecha_entrega>
          <total_factura>100€</total_factura>
          <producto>
            <nombre>Zapatillas deportivas</nombre>
            <referencia>ZD2691</referencia>
            <precio>50€</precio>
            <unidades>1</unidades>
          </producto>
          <producto>
            <nombre>Sudadera con capucha</nombre>
            <referencia>SC4589</referencia>
            <precio>50€</precio>
            <unidades>1</unidades>
          </producto>
        </info_pedidos>
      </pedido>

      <pedido num="76">
        <info_clientes>
          <nombre>Pablo</nombre>
          <apellidos>García</apellidos>
          <telefono>612589768</telefono>
          <direccion>
            <calle>Calle Gran Vía</calle>
            <ciudad>Madrid</ciudad>
            <codigo_postal>28013</codigo_postal>
            <provincia>Madrid</provincia>
          </direccion>
          <correo_electronico>pablo.garcia@gmail.com</correo_electronico>
          <fecha_inclusion>02/10/2022</fecha_inclusion>
        </info_clientes>
        <info_pedidos>
          <numero_pedido>76</numero_pedido>
          <fecha_compra>05/12/2022</fecha_compra>
          <fecha_entrega>10/12/2022</fecha_entrega>
          <total_factura>60€</total_factura>
          <producto>
            <nombre>Jersey de lana</nombre>
            <referencia>JP5678</referencia>
            <precio>40€</precio>
            <unidades>1</unidades>
          </producto>
          <producto>
            <nombre>Pantalón vaquero</nombre>
            <referencia>PV9521</referencia>
            <precio>20€</precio>
            <unidades>1</unidades>
          </producto>
        </info_pedidos>
      </pedido>

      <pedido num="77">
        <info_clientes>
          <nombre>María</nombre>
          <apellidos>López</apellidos>
          <telefono>635721987</telefono>
          <direccion>
            <calle>Calle de la Luna</calle>
            <ciudad>Madrid</ciudad>
            <codigo_postal>28004</codigo_postal>
            <provincia>Madrid</provincia>
          </direccion>
          <correo_electronico>maria.lopez@gmail.com</correo_electronico>
          <fecha_inclusion>02/12/2022</fecha_inclusion>
        </info_clientes>
        <info_pedidos>
          <numero_pedido>77</numero_pedido>
          <fecha_compra>21/12/2022</fecha_compra>
          <fecha_entrega>26/12/2022</fecha_entrega>
          <total_factura>75€</total_factura>
          <producto>
            <nombre>Camiseta de algodón</nombre>
            <referencia>CA4567</referencia>
            <precio>25€</precio>
            <unidades>1</unidades>
          </producto>
          <producto>
            <nombre>Pantalón chino</nombre>
            <referencia>PC7865</referencia>
            <precio>50€</precio>
            <unidades>1</unidades>
          </producto>
        </info_pedidos>
      </pedido>

      <pedido num="78">
        <info_clientes>
          <nombre>Carlos</nombre>
          <apellidos>Rodríguez</apellidos>
          <telefono>657890123</telefono>
          <direccion>
            <calle>Calle Alcalá</calle>
            <ciudad>Madrid</ciudad>
            <codigo_postal>28009</codigo_postal>
            <provincia>Madrid</provincia>
          </direccion>
          <correo_electronico>carlos.rodriguez@gmail.com</correo_electronico>
          <fecha_inclusion>20/10/2022</fecha_inclusion>
        </info_clientes>
        <info_pedidos>
          <numero_pedido>78</numero_pedido>
          <fecha_compra>01/11/2022</fecha_compra>
          <fecha_entrega>05/11/2022</fecha_entrega>
          <total_factura>90€</total_factura>
          <producto>
            <nombre>Cazadora de cuero</nombre>
            <referencia>CC2365</referencia>
            <precio>60€</precio>
            <unidades>1</unidades>
          </producto>
          <producto>
            <nombre>Pantalón cargo</nombre>
            <referencia>PC4598</referencia>
            <precio>30€</precio>
            <unidades>1</unidades>
          </producto>
        </info_pedidos>
      </pedido>

      <pedido num="79">
        <info_clientes>
          <nombre>Manuel</nombre>
          <apellidos>García</apellidos>
          <telefono>692345678</telefono>
          <direccion>
            <calle>Calle Mayor</calle>
            <ciudad>Madrid</ciudad>
            <codigo_postal>28013</codigo_postal>
            <provincia>Madrid</provincia>
          </direccion>
          <correo_electronico>manuel.garcia@gmail.com</correo_electronico>
          <fecha_inclusion>01/10/2022</fecha_inclusion>
        </info_clientes>
        <info_pedidos>
          <numero_pedido>79</numero_pedido>
          <fecha_compra>22/12/2022</fecha_compra>
          <fecha_entrega>24/12/2022</fecha_entrega>
          <total_factura>40€</total_factura>
          <producto>
            <nombre>Jersey de lana</nombre>
            <referencia>JL7654</referencia>
            <precio>25€</precio>
            <unidades>1</unidades>
          </producto>
          <producto>
            <nombre>Bufanda de algodón</nombre>
            <referencia>BF8932</referencia>
            <precio>15€</precio>
            <unidades>1</unidades>
          </producto>
        </info_pedidos>
      </pedido>

      <pedido num="80">
        <info_clientes>
          <nombre>Sara</nombre>
          <apellidos>Ruiz</apellidos>
          <telefono>619876543</telefono>
          <direccion>
            <calle>Calle Gran Vía</calle>
            <ciudad>Madrid</ciudad>
            <codigo_postal>28013</codigo_postal>
            <provincia>Madrid</provincia>
          </direccion>
          <correo_electronico>sara.ruiz@gmail.com</correo_electronico>
          <fecha_inclusion>10/10/2022</fecha_inclusion>
        </info_clientes>
        <info_pedidos>
          <numero_pedido>80</numero_pedido>
          <fecha_compra>26/12/2022</fecha_compra>
          <fecha_entrega>30/12/2022</fecha_entrega>
          <total_factura>100€</total_factura>
          <producto>
            <nombre>Chaqueta de cuero</nombre>
            <referencia>CC2390</referencia>
            <precio>70€</precio>
            <unidades>1</unidades>
          </producto>
          <producto>
            <nombre>Camisa de cuadros</nombre>
            <referencia>CC6734</referencia>
            <precio>30€</precio>
            <unidades>1</unidades>
          </producto>
        </info_pedidos>
      </pedido>
    </trimestre>
    </trimestres>
  </anio2022>
  </anios>
</pedidos_principal>
